order_id,customer_id,employee_id,order_date,required_date,shipped_date,shipper_name,freight_cost
10248,VINET,5,2013-07-04,2013-08-01,2013-07-16,Federal Shipping,32.38
10249,TOMSP,6,2013-07-05,2013-08-16,2013-07-10,Speedy Express,11.61
10250,HANAR,4,2013-07-08,2013-08-05,2013-07-12,United Package,65.83
10251,VICTE,3,2013-07-08,2013-08-05,2013-07-15,Speedy Express,41.34
10252,SUPRD,4,2013-07-09,2013-08-06,2013-07-11,United Package,51.3
10253,HANAR,3,2013-07-10,2013-07-24,2013-07-16,United Package,58.17
10254,CHOPS,5,2013-07-11,2013-08-08,2013-07-23,United Package,22.98
10255,RICSU,9,2013-07-12,2013-08-09,2013-07-15,Federal Shipping,148.33
10256,WELLI,3,2013-07-15,2013-08-12,2013-07-17,United Package,13.97
10257,HILAA,4,2013-07-16,2013-08-13,2013-07-22,Federal Shipping,81.91
10258,ERNSH,1,2013-07-17,2013-08-14,2013-07-23,Speedy Express,140.51
10259,CENTC,4,2013-07-18,2013-08-15,2013-07-25,Federal Shipping,3.25
10260,OTTIK,4,2013-07-19,2013-08-16,2013-07-29,Speedy Express,55.09
10261,QUEDE,4,2013-07-19,2013-08-16,2013-07-30,United Package,3.05
10262,RATTC,8,2013-07-22,2013-08-19,2013-07-25,Federal Shipping,48.29
10263,ERNSH,9,2013-07-23,2013-08-20,2013-07-31,Federal Shipping,146.06
10264,FOLKO,6,2013-07-24,2013-08-21,2013-08-23,Federal Shipping,3.67
10265,BLONP,2,2013-07-25,2013-08-22,2013-08-12,Speedy Express,55.28
10266,WARTH,3,2013-07-26,2013-09-06,2013-07-31,Federal Shipping,25.73
10267,FRANK,4,2013-07-29,2013-08-26,2013-08-06,Speedy Express,208.58
10268,GROSR,8,2013-07-30,2013-08-27,2013-08-02,Federal Shipping,66.29
10269,WHITC,5,2013-07-31,2013-08-14,2013-08-09,Speedy Express,4.56
10270,WARTH,1,2013-08-01,2013-08-29,2013-08-02,Speedy Express,136.54
10271,SPLIR,6,2013-08-01,2013-08-29,2013-08-30,United Package,4.54
10272,RATTC,6,2013-08-02,2013-08-30,2013-08-06,United Package,98.03
10273,QUICK,3,2013-08-05,2013-09-02,2013-08-12,Federal Shipping,76.07
10274,VINET,6,2013-08-06,2013-09-03,2013-08-16,Speedy Express,6.01
10275,MAGAA,1,2013-08-07,2013-09-04,2013-08-09,Speedy Express,26.93
10276,TORTU,8,2013-08-08,2013-08-22,2013-08-14,Federal Shipping,13.84
10277,MORGK,2,2013-08-09,2013-09-06,2013-08-13,Federal Shipping,125.77
10278,BERGS,8,2013-08-12,2013-09-09,2013-08-16,United Package,92.69
10279,LEHMS,8,2013-08-13,2013-09-10,2013-08-16,United Package,25.83
10280,BERGS,2,2013-08-14,2013-09-11,2013-09-12,Speedy Express,8.98
10281,ROMEY,4,2013-08-14,2013-08-28,2013-08-21,Speedy Express,2.94
10282,ROMEY,4,2013-08-15,2013-09-12,2013-08-21,Speedy Express,12.69
10283,LILAS,3,2013-08-16,2013-09-13,2013-08-23,Federal Shipping,84.81
10284,LEHMS,4,2013-08-19,2013-09-16,2013-08-27,Speedy Express,76.56
10285,QUICK,1,2013-08-20,2013-09-17,2013-08-26,United Package,76.83
10286,QUICK,8,2013-08-21,2013-09-18,2013-08-30,Federal Shipping,229.24
10287,RICAR,8,2013-08-22,2013-09-19,2013-08-28,Federal Shipping,12.76
10288,REGGC,4,2013-08-23,2013-09-20,2013-09-03,Speedy Express,7.45
10289,BSBEV,7,2013-08-26,2013-09-23,2013-08-28,Federal Shipping,22.77
10290,COMMI,8,2013-08-27,2013-09-24,2013-09-03,Speedy Express,79.7
10291,QUEDE,6,2013-08-27,2013-09-24,2013-09-04,United Package,6.4
10292,TRADH,1,2013-08-28,2013-09-25,2013-09-02,United Package,1.35
10293,TORTU,1,2013-08-29,2013-09-26,2013-09-11,Federal Shipping,21.18
10294,RATTC,4,2013-08-30,2013-09-27,2013-09-05,United Package,147.26
10295,VINET,2,2013-09-02,2013-09-30,2013-09-10,United Package,1.15
10296,LILAS,6,2013-09-03,2013-10-01,2013-09-11,Speedy Express,0.12
10297,BLONP,5,2013-09-04,2013-10-16,2013-09-10,United Package,5.74
10298,HUNGO,6,2013-09-05,2013-10-03,2013-09-11,United Package,168.22
10299,RICAR,4,2013-09-06,2013-10-04,2013-09-13,United Package,29.76
10300,MAGAA,2,2013-09-09,2013-10-07,2013-09-18,United Package,17.68
10301,WANDK,8,2013-09-09,2013-10-07,2013-09-17,United Package,45.08
10302,SUPRD,4,2013-09-10,2013-10-08,2013-10-09,United Package,6.27
10303,GODOS,7,2013-09-11,2013-10-09,2013-09-18,United Package,107.83
10304,TORTU,1,2013-09-12,2013-10-10,2013-09-17,United Package,63.79
10305,OLDWO,8,2013-09-13,2013-10-11,2013-10-09,Federal Shipping,257.62
10306,ROMEY,1,2013-09-16,2013-10-14,2013-09-23,Federal Shipping,7.56
10307,LONEP,2,2013-09-17,2013-10-15,2013-09-25,United Package,0.56
10308,ANATR,7,2013-09-18,2013-10-16,2013-09-24,Federal Shipping,1.61
10309,HUNGO,3,2013-09-19,2013-10-17,2013-10-23,Speedy Express,47.3
10310,THEBI,8,2013-09-20,2013-10-18,2013-09-27,United Package,17.52
10311,DUMON,1,2013-09-20,2013-10-04,2013-09-26,Federal Shipping,24.69
10312,WANDK,2,2013-09-23,2013-10-21,2013-10-03,United Package,40.26
10313,QUICK,2,2013-09-24,2013-10-22,2013-10-04,United Package,1.96
10314,RATTC,1,2013-09-25,2013-10-23,2013-10-04,United Package,74.16
10315,ISLAT,4,2013-09-26,2013-10-24,2013-10-03,United Package,41.76
10316,RATTC,1,2013-09-27,2013-10-25,2013-10-08,Federal Shipping,150.15
10317,LONEP,6,2013-09-30,2013-10-28,2013-10-10,Speedy Express,12.69
10318,ISLAT,8,2013-10-01,2013-10-29,2013-10-04,United Package,4.73
10319,TORTU,7,2013-10-02,2013-10-30,2013-10-11,Federal Shipping,64.5
10320,WARTH,5,2013-10-03,2013-10-17,2013-10-18,Federal Shipping,34.57
10321,ISLAT,3,2013-10-03,2013-10-31,2013-10-11,United Package,3.43
10322,PERIC,7,2013-10-04,2013-11-01,2013-10-23,Federal Shipping,0.4
10323,KOENE,4,2013-10-07,2013-11-04,2013-10-14,Speedy Express,4.88
10324,SAVEA,9,2013-10-08,2013-11-05,2013-10-10,Speedy Express,214.27
10325,KOENE,1,2013-10-09,2013-10-23,2013-10-14,Federal Shipping,64.86
10326,BOLID,4,2013-10-10,2013-11-07,2013-10-14,United Package,77.92
10327,FOLKO,2,2013-10-11,2013-11-08,2013-10-14,Speedy Express,63.36
10328,FURIB,4,2013-10-14,2013-11-11,2013-10-17,Federal Shipping,87.03
10329,SPLIR,4,2013-10-15,2013-11-26,2013-10-23,United Package,191.67
10330,LILAS,3,2013-10-16,2013-11-13,2013-10-28,Speedy Express,12.75
10331,BONAP,9,2013-10-16,2013-11-27,2013-10-21,Speedy Express,10.19
10332,MEREP,3,2013-10-17,2013-11-28,2013-10-21,United Package,52.84
10333,WARTH,5,2013-10-18,2013-11-15,2013-10-25,Federal Shipping,0.59
10334,VICTE,8,2013-10-21,2013-11-18,2013-10-28,United Package,8.56
10335,HUNGO,7,2013-10-22,2013-11-19,2013-10-24,United Package,42.11
10336,PRINI,7,2013-10-23,2013-11-20,2013-10-25,United Package,15.51
10337,FRANK,4,2013-10-24,2013-11-21,2013-10-29,Federal Shipping,108.26
10338,OLDWO,4,2013-10-25,2013-11-22,2013-10-29,Federal Shipping,84.21
10339,MEREP,2,2013-10-28,2013-11-25,2013-11-04,United Package,15.66
10340,BONAP,1,2013-10-29,2013-11-26,2013-11-08,Federal Shipping,166.31
10341,SIMOB,7,2013-10-29,2013-11-26,2013-11-05,Federal Shipping,26.78
10342,FRANK,4,2013-10-30,2013-11-13,2013-11-04,United Package,54.83
10343,LEHMS,4,2013-10-31,2013-11-28,2013-11-06,Speedy Express,110.37
10344,WHITC,4,2013-11-01,2013-11-29,2013-11-05,United Package,23.29
10345,QUICK,2,2013-11-04,2013-12-02,2013-11-11,United Package,249.06
10346,RATTC,3,2013-11-05,2013-12-17,2013-11-08,Federal Shipping,142.08
10347,FAMIA,4,2013-11-06,2013-12-04,2013-11-08,Federal Shipping,3.1
10348,WANDK,4,2013-11-07,2013-12-05,2013-11-15,United Package,0.78
10349,SPLIR,7,2013-11-08,2013-12-06,2013-11-15,Speedy Express,8.63
10350,LAMAI,6,2013-11-11,2013-12-09,2013-12-03,United Package,64.19
10351,ERNSH,1,2013-11-11,2013-12-09,2013-11-20,Speedy Express,162.33
10352,FURIB,3,2013-11-12,2013-11-26,2013-11-18,Federal Shipping,1.3
10353,PICCO,7,2013-11-13,2013-12-11,2013-11-25,Federal Shipping,360.63
10354,PERIC,8,2013-11-14,2013-12-12,2013-11-20,Federal Shipping,53.8
10355,AROUT,6,2013-11-15,2013-12-13,2013-11-20,Speedy Express,41.95
10356,WANDK,6,2013-11-18,2013-12-16,2013-11-27,United Package,36.71
10357,LILAS,1,2013-11-19,2013-12-17,2013-12-02,Federal Shipping,34.88
10358,LAMAI,5,2013-11-20,2013-12-18,2013-11-27,Speedy Express,19.64
10359,SEVES,5,2013-11-21,2013-12-19,2013-11-26,Federal Shipping,288.43
10360,BLONP,4,2013-11-22,2013-12-20,2013-12-02,Federal Shipping,131.7
10361,QUICK,1,2013-11-22,2013-12-20,2013-12-03,United Package,183.17
10362,BONAP,3,2013-11-25,2013-12-23,2013-11-28,Speedy Express,96.04
10363,DRACD,4,2013-11-26,2013-12-24,2013-12-04,Federal Shipping,30.54
10364,EASTC,1,2013-11-26,2014-01-07,2013-12-04,Speedy Express,71.97
10365,ANTON,3,2013-11-27,2013-12-25,2013-12-02,United Package,22
10366,GALED,8,2013-11-28,2014-01-09,2013-12-30,United Package,10.14
10367,VAFFE,7,2013-11-28,2013-12-26,2013-12-02,Federal Shipping,13.55
10368,ERNSH,2,2013-11-29,2013-12-27,2013-12-02,United Package,101.95
10369,SPLIR,8,2013-12-02,2013-12-30,2013-12-09,United Package,195.68
10370,CHOPS,6,2013-12-03,2013-12-31,2013-12-27,United Package,1.17
10371,LAMAI,1,2013-12-03,2013-12-31,2013-12-24,Speedy Express,0.45
10372,QUEEN,5,2013-12-04,2014-01-01,2013-12-09,United Package,890.78
10373,HUNGO,4,2013-12-05,2014-01-02,2013-12-11,Federal Shipping,124.12
10374,WOLZA,1,2013-12-05,2014-01-02,2013-12-09,Federal Shipping,3.94
10375,HUNGC,3,2013-12-06,2014-01-03,2013-12-09,United Package,20.12
10376,MEREP,1,2013-12-09,2014-01-06,2013-12-13,United Package,20.39
10377,SEVES,1,2013-12-09,2014-01-06,2013-12-13,Federal Shipping,22.21
10378,FOLKO,5,2013-12-10,2014-01-07,2013-12-19,Federal Shipping,5.44
10379,QUEDE,2,2013-12-11,2014-01-08,2013-12-13,Speedy Express,45.03
10380,HUNGO,8,2013-12-12,2014-01-09,2014-01-16,Federal Shipping,35.03
10381,LILAS,3,2013-12-12,2014-01-09,2013-12-13,Federal Shipping,7.99
10382,ERNSH,4,2013-12-13,2014-01-10,2013-12-16,Speedy Express,94.77
10383,AROUT,8,2013-12-16,2014-01-13,2013-12-18,Federal Shipping,34.24
10384,BERGS,3,2013-12-16,2014-01-13,2013-12-20,Federal Shipping,168.64
10385,SPLIR,1,2013-12-17,2014-01-14,2013-12-23,United Package,30.96
10386,FAMIA,9,2013-12-18,2014-01-01,2013-12-25,Federal Shipping,13.99
10387,SANTG,1,2013-12-18,2014-01-15,2013-12-20,United Package,93.63
10388,SEVES,2,2013-12-19,2014-01-16,2013-12-20,Speedy Express,34.86
10389,BOTTM,4,2013-12-20,2014-01-17,2013-12-24,United Package,47.42
10390,ERNSH,6,2013-12-23,2014-01-20,2013-12-26,Speedy Express,126.38
10391,DRACD,3,2013-12-23,2014-01-20,2013-12-31,Federal Shipping,5.45
10392,PICCO,2,2013-12-24,2014-01-21,2014-01-01,Federal Shipping,122.46
10393,SAVEA,1,2013-12-25,2014-01-22,2014-01-03,Federal Shipping,126.56
10394,HUNGC,1,2013-12-25,2014-01-22,2014-01-03,Federal Shipping,30.34
10395,HILAA,6,2013-12-26,2014-01-23,2014-01-03,Speedy Express,184.41
10396,FRANK,1,2013-12-27,2014-01-10,2014-01-06,Federal Shipping,135.35
10397,PRINI,5,2013-12-27,2014-01-24,2014-01-02,Speedy Express,60.26
10398,SAVEA,2,2013-12-30,2014-01-27,2014-01-09,Federal Shipping,89.16
10399,VAFFE,8,2013-12-31,2014-01-14,2014-01-08,Federal Shipping,27.36
10400,EASTC,1,2014-01-01,2014-01-29,2014-01-16,Federal Shipping,83.93
10401,RATTC,1,2014-01-01,2014-01-29,2014-01-10,Speedy Express,12.51
10402,ERNSH,8,2014-01-02,2014-02-13,2014-01-10,United Package,67.88
10403,ERNSH,4,2014-01-03,2014-01-31,2014-01-09,Federal Shipping,73.79
10404,MAGAA,2,2014-01-03,2014-01-31,2014-01-08,Speedy Express,155.97
10405,LINOD,1,2014-01-06,2014-02-03,2014-01-22,Speedy Express,34.82
10406,QUEEN,7,2014-01-07,2014-02-18,2014-01-13,Speedy Express,108.04
10407,OTTIK,2,2014-01-07,2014-02-04,2014-01-30,United Package,91.48
10408,FOLIG,8,2014-01-08,2014-02-05,2014-01-14,Speedy Express,11.26
10409,OCEAN,3,2014-01-09,2014-02-06,2014-01-14,Speedy Express,29.83
10410,BOTTM,3,2014-01-10,2014-02-07,2014-01-15,Federal Shipping,2.4
10411,BOTTM,9,2014-01-10,2014-02-07,2014-01-21,Federal Shipping,23.65
10412,WARTH,8,2014-01-13,2014-02-10,2014-01-15,United Package,3.77
10413,LAMAI,3,2014-01-14,2014-02-11,2014-01-16,United Package,95.66
10414,FAMIA,2,2014-01-14,2014-02-11,2014-01-17,Federal Shipping,21.48
10415,HUNGC,3,2014-01-15,2014-02-12,2014-01-24,Speedy Express,0.2
10416,WARTH,8,2014-01-16,2014-02-13,2014-01-27,Federal Shipping,22.72
10417,SIMOB,4,2014-01-16,2014-02-13,2014-01-28,Federal Shipping,70.29
10418,QUICK,4,2014-01-17,2014-02-14,2014-01-24,Speedy Express,17.55
10419,RICSU,4,2014-01-20,2014-02-17,2014-01-30,United Package,137.35
10420,WELLI,3,2014-01-21,2014-02-18,2014-01-27,Speedy Express,44.12
10421,QUEDE,8,2014-01-21,2014-03-04,2014-01-27,Speedy Express,99.23
10422,FRANS,2,2014-01-22,2014-02-19,2014-01-31,Speedy Express,3.02
10423,GOURL,6,2014-01-23,2014-02-06,2014-02-24,Federal Shipping,24.5
10424,MEREP,7,2014-01-23,2014-02-20,2014-01-27,United Package,370.61
10425,LAMAI,6,2014-01-24,2014-02-21,2014-02-14,United Package,7.93
10426,GALED,4,2014-01-27,2014-02-24,2014-02-06,Speedy Express,18.69
10427,PICCO,4,2014-01-27,2014-02-24,2014-03-03,United Package,31.29
10428,REGGC,7,2014-01-28,2014-02-25,2014-02-04,Speedy Express,11.09
10429,HUNGO,3,2014-01-29,2014-03-12,2014-02-07,United Package,56.63
10430,ERNSH,4,2014-01-30,2014-02-13,2014-02-03,Speedy Express,458.78
10431,BOTTM,4,2014-01-30,2014-02-13,2014-02-07,United Package,44.17
10432,SPLIR,3,2014-01-31,2014-02-14,2014-02-07,United Package,4.34
10433,PRINI,3,2014-02-03,2014-03-03,2014-03-04,Federal Shipping,73.83
10434,FOLKO,3,2014-02-03,2014-03-03,2014-02-13,United Package,17.92
10435,CONSH,8,2014-02-04,2014-03-18,2014-02-07,United Package,9.21
10436,BLONP,3,2014-02-05,2014-03-05,2014-02-11,United Package,156.66
10437,WARTH,8,2014-02-05,2014-03-05,2014-02-12,Speedy Express,19.97
10438,TOMSP,3,2014-02-06,2014-03-06,2014-02-14,United Package,8.24
10439,MEREP,6,2014-02-07,2014-03-07,2014-02-10,Federal Shipping,4.07
10440,SAVEA,4,2014-02-10,2014-03-10,2014-02-28,United Package,86.53
10441,OLDWO,3,2014-02-10,2014-03-24,2014-03-14,United Package,73.02
10442,ERNSH,3,2014-02-11,2014-03-11,2014-02-18,United Package,47.94
10443,REGGC,8,2014-02-12,2014-03-12,2014-02-14,Speedy Express,13.95
10444,BERGS,3,2014-02-12,2014-03-12,2014-02-21,Federal Shipping,3.5
10445,BERGS,3,2014-02-13,2014-03-13,2014-02-20,Speedy Express,9.3
10446,TOMSP,6,2014-02-14,2014-03-14,2014-02-19,Speedy Express,14.68
10447,RICAR,4,2014-02-14,2014-03-14,2014-03-07,United Package,68.66
10448,RANCH,4,2014-02-17,2014-03-17,2014-02-24,United Package,38.82
10449,BLONP,3,2014-02-18,2014-03-18,2014-02-27,United Package,53.3
10450,VICTE,8,2014-02-19,2014-03-19,2014-03-11,United Package,7.23
10451,QUICK,4,2014-02-19,2014-03-05,2014-03-12,Federal Shipping,189.09
10452,SAVEA,8,2014-02-20,2014-03-20,2014-02-26,Speedy Express,140.26
10453,AROUT,1,2014-02-21,2014-03-21,2014-02-26,United Package,25.36
10454,LAMAI,4,2014-02-21,2014-03-21,2014-02-25,Federal Shipping,2.74
10455,WARTH,8,2014-02-24,2014-04-07,2014-03-03,United Package,180.45
10456,KOENE,8,2014-02-25,2014-04-08,2014-02-28,United Package,8.12
10457,KOENE,2,2014-02-25,2014-03-25,2014-03-03,Speedy Express,11.57
10458,SUPRD,7,2014-02-26,2014-03-26,2014-03-04,Federal Shipping,147.06
10459,VICTE,4,2014-02-27,2014-03-27,2014-02-28,United Package,25.09
10460,FOLKO,8,2014-02-28,2014-03-28,2014-03-03,Speedy Express,16.27
10461,LILAS,1,2014-02-28,2014-03-28,2014-03-05,Federal Shipping,148.61
10462,CONSH,2,2014-03-03,2014-03-31,2014-03-18,Speedy Express,6.17
10463,SUPRD,5,2014-03-04,2014-04-01,2014-03-06,Federal Shipping,14.78
10464,FURIB,4,2014-03-04,2014-04-01,2014-03-14,United Package,89
10465,VAFFE,1,2014-03-05,2014-04-02,2014-03-14,Federal Shipping,145.04
10466,COMMI,4,2014-03-06,2014-04-03,2014-03-13,Speedy Express,11.93
10467,MAGAA,8,2014-03-06,2014-04-03,2014-03-11,United Package,4.93
10468,KOENE,3,2014-03-07,2014-04-04,2014-03-12,Federal Shipping,44.12
10469,WHITC,1,2014-03-10,2014-04-07,2014-03-14,Speedy Express,60.18
10470,BONAP,4,2014-03-11,2014-04-08,2014-03-14,United Package,64.56
10471,BSBEV,2,2014-03-11,2014-04-08,2014-03-18,Federal Shipping,45.59
10472,SEVES,8,2014-03-12,2014-04-09,2014-03-19,Speedy Express,4.2
10473,ISLAT,1,2014-03-13,2014-03-27,2014-03-21,Federal Shipping,16.37
10474,PERIC,5,2014-03-13,2014-04-10,2014-03-21,United Package,83.49
10475,SUPRD,9,2014-03-14,2014-04-11,2014-04-04,Speedy Express,68.52
10476,HILAA,8,2014-03-17,2014-04-14,2014-03-24,Federal Shipping,4.41
10477,PRINI,5,2014-03-17,2014-04-14,2014-03-25,United Package,13.02
10478,VICTE,2,2014-03-18,2014-04-01,2014-03-26,Federal Shipping,4.81
10479,RATTC,3,2014-03-19,2014-04-16,2014-03-21,Federal Shipping,708.95
10480,FOLIG,6,2014-03-20,2014-04-17,2014-03-24,United Package,1.35
10481,RICAR,8,2014-03-20,2014-04-17,2014-03-25,United Package,64.33
10482,LAZYK,1,2014-03-21,2014-04-18,2014-04-10,Federal Shipping,7.48
10483,WHITC,7,2014-03-24,2014-04-21,2014-04-25,United Package,15.28
10484,BSBEV,3,2014-03-24,2014-04-21,2014-04-01,Federal Shipping,6.88
10485,LINOD,4,2014-03-25,2014-04-08,2014-03-31,United Package,64.45
10486,HILAA,1,2014-03-26,2014-04-23,2014-04-02,United Package,30.53
10487,QUEEN,2,2014-03-26,2014-04-23,2014-03-28,United Package,71.07
10488,FRANK,8,2014-03-27,2014-04-24,2014-04-02,United Package,4.93
10489,PICCO,6,2014-03-28,2014-04-25,2014-04-09,United Package,5.29
10490,HILAA,7,2014-03-31,2014-04-28,2014-04-03,United Package,210.19
10491,FURIB,8,2014-03-31,2014-04-28,2014-04-08,Federal Shipping,16.96
10492,BOTTM,3,2014-04-01,2014-04-29,2014-04-11,Speedy Express,62.89
10493,LAMAI,4,2014-04-02,2014-04-30,2014-04-10,Federal Shipping,10.64
10494,COMMI,4,2014-04-02,2014-04-30,2014-04-09,United Package,65.99
10495,LAUGB,3,2014-04-03,2014-05-01,2014-04-11,Federal Shipping,4.65
10496,TRADH,7,2014-04-04,2014-05-02,2014-04-07,United Package,46.77
10497,LEHMS,7,2014-04-04,2014-05-02,2014-04-07,Speedy Express,36.21
10498,HILAA,8,2014-04-07,2014-05-05,2014-04-11,United Package,29.75
10499,LILAS,4,2014-04-08,2014-05-06,2014-04-16,United Package,102.02
10500,LAMAI,6,2014-04-09,2014-05-07,2014-04-17,Speedy Express,42.68
10501,BLAUS,9,2014-04-09,2014-05-07,2014-04-16,Federal Shipping,8.85
10502,PERIC,2,2014-04-10,2014-05-08,2014-04-29,Speedy Express,69.32
10503,HUNGO,6,2014-04-11,2014-05-09,2014-04-16,United Package,16.74
10504,WHITC,4,2014-04-11,2014-05-09,2014-04-18,Federal Shipping,59.13
10505,MEREP,3,2014-04-14,2014-05-12,2014-04-21,Federal Shipping,7.13
10506,KOENE,9,2014-04-15,2014-05-13,2014-05-02,United Package,21.19
10507,ANTON,7,2014-04-15,2014-05-13,2014-04-22,Speedy Express,47.45
10508,OTTIK,1,2014-04-16,2014-05-14,2014-05-13,United Package,4.99
10509,BLAUS,4,2014-04-17,2014-05-15,2014-04-29,Speedy Express,0.15
10510,SAVEA,6,2014-04-18,2014-05-16,2014-04-28,Federal Shipping,367.63
10511,BONAP,4,2014-04-18,2014-05-16,2014-04-21,Federal Shipping,350.64
10512,FAMIA,7,2014-04-21,2014-05-19,2014-04-24,United Package,3.53
10513,WANDK,7,2014-04-22,2014-06-03,2014-04-28,Speedy Express,105.65
10514,ERNSH,3,2014-04-22,2014-05-20,2014-05-16,United Package,789.95
10515,QUICK,2,2014-04-23,2014-05-07,2014-05-23,Speedy Express,204.47
10516,HUNGO,2,2014-04-24,2014-05-22,2014-05-01,Federal Shipping,62.78
10517,NORTS,3,2014-04-24,2014-05-22,2014-04-29,Federal Shipping,32.07
10518,TORTU,4,2014-04-25,2014-05-09,2014-05-05,United Package,218.15
10519,CHOPS,6,2014-04-28,2014-05-26,2014-05-01,Federal Shipping,91.76
10520,SANTG,7,2014-04-29,2014-05-27,2014-05-01,Speedy Express,13.37
10521,CACTU,8,2014-04-29,2014-05-27,2014-05-02,United Package,17.22
10522,LEHMS,4,2014-04-30,2014-05-28,2014-05-06,Speedy Express,45.33
10523,SEVES,7,2014-05-01,2014-05-29,2014-05-30,United Package,77.63
10524,BERGS,1,2014-05-01,2014-05-29,2014-05-07,United Package,244.79
10525,BONAP,1,2014-05-02,2014-05-30,2014-05-23,United Package,11.06
10526,WARTH,4,2014-05-05,2014-06-02,2014-05-15,United Package,58.59
10527,QUICK,7,2014-05-05,2014-06-02,2014-05-07,Speedy Express,41.9
10528,GREAL,6,2014-05-06,2014-05-20,2014-05-09,United Package,3.35
10529,MAISD,5,2014-05-07,2014-06-04,2014-05-09,United Package,66.69
10530,PICCO,3,2014-05-08,2014-06-05,2014-05-12,United Package,339.22
10531,OCEAN,7,2014-05-08,2014-06-05,2014-05-19,Speedy Express,8.12
10532,EASTC,7,2014-05-09,2014-06-06,2014-05-12,Federal Shipping,74.46
10533,FOLKO,8,2014-05-12,2014-06-09,2014-05-22,Speedy Express,188.04
10534,LEHMS,8,2014-05-12,2014-06-09,2014-05-14,United Package,27.94
10535,ANTON,4,2014-05-13,2014-06-10,2014-05-21,Speedy Express,15.64
10536,LEHMS,3,2014-05-14,2014-06-11,2014-06-06,United Package,58.88
10537,RICSU,1,2014-05-14,2014-05-28,2014-05-19,Speedy Express,78.85
10538,BSBEV,9,2014-05-15,2014-06-12,2014-05-16,Federal Shipping,4.87
10539,BSBEV,6,2014-05-16,2014-06-13,2014-05-23,Federal Shipping,12.36
10540,QUICK,3,2014-05-19,2014-06-16,2014-06-13,Federal Shipping,1007.64
10541,HANAR,2,2014-05-19,2014-06-16,2014-05-29,Speedy Express,68.65
10542,KOENE,1,2014-05-20,2014-06-17,2014-05-26,Federal Shipping,10.95
10543,LILAS,8,2014-05-21,2014-06-18,2014-05-23,United Package,48.17
10544,LONEP,4,2014-05-21,2014-06-18,2014-05-30,Speedy Express,24.91
10545,LAZYK,8,2014-05-22,2014-06-19,2014-06-26,United Package,11.92
10546,VICTE,1,2014-05-23,2014-06-20,2014-05-27,Federal Shipping,194.72
10547,SEVES,3,2014-05-23,2014-06-20,2014-06-02,United Package,178.43
10548,TOMSP,3,2014-05-26,2014-06-23,2014-06-02,United Package,1.43
10549,QUICK,5,2014-05-27,2014-06-10,2014-05-30,Speedy Express,171.24
10550,GODOS,7,2014-05-28,2014-06-25,2014-06-06,Federal Shipping,4.32
10551,FURIB,4,2014-05-28,2014-07-09,2014-06-06,Federal Shipping,72.95
10552,HILAA,2,2014-05-29,2014-06-26,2014-06-05,Speedy Express,83.22
10553,WARTH,2,2014-05-30,2014-06-27,2014-06-03,United Package,149.49
10554,OTTIK,4,2014-05-30,2014-06-27,2014-06-05,Federal Shipping,120.97
10555,SAVEA,6,2014-06-02,2014-06-30,2014-06-04,Federal Shipping,252.49
10556,SIMOB,2,2014-06-03,2014-07-15,2014-06-13,Speedy Express,9.8
10557,LEHMS,9,2014-06-03,2014-06-17,2014-06-06,United Package,96.72
10558,AROUT,1,2014-06-04,2014-07-02,2014-06-10,United Package,72.97
10559,BLONP,6,2014-06-05,2014-07-03,2014-06-13,Speedy Express,8.05
10560,FRANK,8,2014-06-06,2014-07-04,2014-06-09,Speedy Express,36.65
10561,FOLKO,2,2014-06-06,2014-07-04,2014-06-09,United Package,242.21
10562,REGGC,1,2014-06-09,2014-07-07,2014-06-12,Speedy Express,22.95
10563,RICAR,2,2014-06-10,2014-07-22,2014-06-24,United Package,60.43
10564,RATTC,4,2014-06-10,2014-07-08,2014-06-16,Federal Shipping,13.75
10565,MEREP,8,2014-06-11,2014-07-09,2014-06-18,United Package,7.15
10566,BLONP,9,2014-06-12,2014-07-10,2014-06-18,Speedy Express,88.4
10567,HUNGO,1,2014-06-12,2014-07-10,2014-06-17,Speedy Express,33.97
10568,GALED,3,2014-06-13,2014-07-11,2014-07-09,Federal Shipping,6.54
10569,RATTC,5,2014-06-16,2014-07-14,2014-07-11,Speedy Express,58.98
10570,MEREP,3,2014-06-17,2014-07-15,2014-06-19,Federal Shipping,188.99
10571,ERNSH,8,2014-06-17,2014-07-29,2014-07-04,Federal Shipping,26.06
10572,BERGS,3,2014-06-18,2014-07-16,2014-06-25,United Package,116.43
10573,ANTON,7,2014-06-19,2014-07-17,2014-06-20,Federal Shipping,84.84
10574,TRAIH,4,2014-06-19,2014-07-17,2014-06-30,United Package,37.6
10575,MORGK,5,2014-06-20,2014-07-04,2014-06-30,Speedy Express,127.34
10576,TORTU,3,2014-06-23,2014-07-07,2014-06-30,Federal Shipping,18.56
10577,TRAIH,9,2014-06-23,2014-08-04,2014-06-30,United Package,25.41
10578,BSBEV,4,2014-06-24,2014-07-22,2014-07-25,Federal Shipping,29.6
10579,LETSS,1,2014-06-25,2014-07-23,2014-07-04,United Package,13.73
10580,OTTIK,4,2014-06-26,2014-07-24,2014-07-01,Federal Shipping,75.89
10581,FAMIA,3,2014-06-26,2014-07-24,2014-07-02,Speedy Express,3.01
10582,BLAUS,3,2014-06-27,2014-07-25,2014-07-14,United Package,27.71
10583,WARTH,2,2014-06-30,2014-07-28,2014-07-04,United Package,7.28
10584,BLONP,4,2014-06-30,2014-07-28,2014-07-04,Speedy Express,59.14
10585,WELLI,7,2014-07-01,2014-07-29,2014-07-10,Speedy Express,13.41
10586,REGGC,9,2014-07-02,2014-07-30,2014-07-09,Speedy Express,0.48
10587,QUEDE,1,2014-07-02,2014-07-30,2014-07-09,Speedy Express,62.52
10588,QUICK,2,2014-07-03,2014-07-31,2014-07-10,Federal Shipping,194.67
10589,GREAL,8,2014-07-04,2014-08-01,2014-07-14,United Package,4.42
10590,MEREP,4,2014-07-07,2014-08-04,2014-07-14,Federal Shipping,44.77
10591,VAFFE,1,2014-07-07,2014-07-21,2014-07-16,Speedy Express,55.92
10592,LEHMS,3,2014-07-08,2014-08-05,2014-07-16,Speedy Express,32.1
10593,LEHMS,7,2014-07-09,2014-08-06,2014-08-13,United Package,174.2
10594,OLDWO,3,2014-07-09,2014-08-06,2014-07-16,United Package,5.24
10595,ERNSH,2,2014-07-10,2014-08-07,2014-07-14,Speedy Express,96.78
10596,WHITC,8,2014-07-11,2014-08-08,2014-08-12,Speedy Express,16.34
10597,PICCO,7,2014-07-11,2014-08-08,2014-07-18,Federal Shipping,35.12
10598,RATTC,1,2014-07-14,2014-08-11,2014-07-18,Federal Shipping,44.42
10599,BSBEV,6,2014-07-15,2014-08-26,2014-07-21,Federal Shipping,29.98
10600,HUNGC,4,2014-07-16,2014-08-13,2014-07-21,Speedy Express,45.13
10601,HILAA,7,2014-07-16,2014-08-27,2014-07-22,Speedy Express,58.3
10602,VAFFE,8,2014-07-17,2014-08-14,2014-07-22,United Package,2.92
10603,SAVEA,8,2014-07-18,2014-08-15,2014-08-08,United Package,48.77
10604,FURIB,1,2014-07-18,2014-08-15,2014-07-29,Speedy Express,7.46
10605,MEREP,1,2014-07-21,2014-08-18,2014-07-29,United Package,379.13
10606,TRADH,4,2014-07-22,2014-08-19,2014-07-31,Federal Shipping,79.4
10607,SAVEA,5,2014-07-22,2014-08-19,2014-07-25,Speedy Express,200.24
10608,TOMSP,4,2014-07-23,2014-08-20,2014-08-01,United Package,27.79
10609,DUMON,7,2014-07-24,2014-08-21,2014-07-30,United Package,1.85
10610,LAMAI,8,2014-07-25,2014-08-22,2014-08-06,Speedy Express,26.78
10611,WOLZA,6,2014-07-25,2014-08-22,2014-08-01,United Package,80.65
10612,SAVEA,1,2014-07-28,2014-08-25,2014-08-01,United Package,544.08
10613,HILAA,4,2014-07-29,2014-08-26,2014-08-01,United Package,8.11
10614,BLAUS,8,2014-07-29,2014-08-26,2014-08-01,Federal Shipping,1.93
10615,WILMK,2,2014-07-30,2014-08-27,2014-08-06,Federal Shipping,0.75
10616,GREAL,1,2014-07-31,2014-08-28,2014-08-05,United Package,116.53
10617,GREAL,4,2014-07-31,2014-08-28,2014-08-04,United Package,18.53
10618,MEREP,1,2014-08-01,2014-09-12,2014-08-08,Speedy Express,154.68
10619,MEREP,3,2014-08-04,2014-09-01,2014-08-07,Federal Shipping,91.05
10620,LAUGB,2,2014-08-05,2014-09-02,2014-08-14,Federal Shipping,0.94
10621,ISLAT,4,2014-08-05,2014-09-02,2014-08-11,United Package,23.73
10622,RICAR,4,2014-08-06,2014-09-03,2014-08-11,Federal Shipping,50.97
10623,FRANK,8,2014-08-07,2014-09-04,2014-08-12,United Package,97.18
10624,THECR,4,2014-08-07,2014-09-04,2014-08-19,United Package,94.8
10625,ANATR,3,2014-08-08,2014-09-05,2014-08-14,Speedy Express,43.9
10626,BERGS,1,2014-08-11,2014-09-08,2014-08-20,United Package,138.69
10627,SAVEA,8,2014-08-11,2014-09-22,2014-08-21,Federal Shipping,107.46
10628,BLONP,4,2014-08-12,2014-09-09,2014-08-20,Federal Shipping,30.36
10629,GODOS,4,2014-08-12,2014-09-09,2014-08-20,Federal Shipping,85.46
10630,KOENE,1,2014-08-13,2014-09-10,2014-08-19,United Package,32.35
10631,LAMAI,8,2014-08-14,2014-09-11,2014-08-15,Speedy Express,0.87
10632,WANDK,8,2014-08-14,2014-09-11,2014-08-19,Speedy Express,41.38
10633,ERNSH,7,2014-08-15,2014-09-12,2014-08-18,Federal Shipping,477.9
10634,FOLIG,4,2014-08-15,2014-09-12,2014-08-21,Federal Shipping,487.38
10635,MAGAA,8,2014-08-18,2014-09-15,2014-08-21,Federal Shipping,47.46
10636,WARTH,4,2014-08-19,2014-09-16,2014-08-26,Speedy Express,1.15
10637,QUEEN,6,2014-08-19,2014-09-16,2014-08-26,Speedy Express,201.29
10638,LINOD,3,2014-08-20,2014-09-17,2014-09-01,Speedy Express,158.44
10639,SANTG,7,2014-08-20,2014-09-17,2014-08-27,Federal Shipping,38.64
10640,WANDK,4,2014-08-21,2014-09-18,2014-08-28,Speedy Express,23.55
10641,HILAA,4,2014-08-22,2014-09-19,2014-08-26,United Package,179.61
10642,SIMOB,7,2014-08-22,2014-09-19,2014-09-05,Federal Shipping,41.89
10643,ALFKI,6,2014-08-25,2014-09-22,2014-09-02,Speedy Express,29.46
10644,WELLI,3,2014-08-25,2014-09-22,2014-09-01,United Package,0.14
10645,HANAR,4,2014-08-26,2014-09-23,2014-09-02,Speedy Express,12.41
10646,HUNGO,9,2014-08-27,2014-10-08,2014-09-03,Federal Shipping,142.33
10647,QUEDE,4,2014-08-27,2014-09-10,2014-09-03,United Package,45.54
10648,RICAR,5,2014-08-28,2014-10-09,2014-09-09,United Package,14.25
10649,MAISD,5,2014-08-28,2014-09-25,2014-08-29,Federal Shipping,6.2
10650,FAMIA,5,2014-08-29,2014-09-26,2014-09-03,Federal Shipping,176.81
10651,WANDK,8,2014-09-01,2014-09-29,2014-09-11,United Package,20.6
10652,GOURL,4,2014-09-01,2014-09-29,2014-09-08,United Package,7.14
10653,FRANK,1,2014-09-02,2014-09-30,2014-09-19,Speedy Express,93.25
10654,BERGS,5,2014-09-02,2014-09-30,2014-09-11,Speedy Express,55.26
10655,REGGC,1,2014-09-03,2014-10-01,2014-09-11,United Package,4.41
10656,GREAL,6,2014-09-04,2014-10-02,2014-09-10,Speedy Express,57.15
10657,SAVEA,2,2014-09-04,2014-10-02,2014-09-15,United Package,352.69
10658,QUICK,4,2014-09-05,2014-10-03,2014-09-08,Speedy Express,364.15
10659,QUEEN,7,2014-09-05,2014-10-03,2014-09-10,United Package,105.81
10660,HUNGC,8,2014-09-08,2014-10-06,2014-10-15,Speedy Express,111.29
10661,HUNGO,7,2014-09-09,2014-10-07,2014-09-15,Federal Shipping,17.55
10662,LONEP,3,2014-09-09,2014-10-07,2014-09-18,United Package,1.28
10663,BONAP,2,2014-09-10,2014-09-24,2014-10-03,United Package,113.15
10664,FURIB,1,2014-09-10,2014-10-08,2014-09-19,Federal Shipping,1.27
10665,LONEP,1,2014-09-11,2014-10-09,2014-09-17,United Package,26.31
10666,RICSU,7,2014-09-12,2014-10-10,2014-09-22,United Package,232.42
10667,ERNSH,7,2014-09-12,2014-10-10,2014-09-19,Speedy Express,78.09
10668,WANDK,1,2014-09-15,2014-10-13,2014-09-23,United Package,47.22
10669,SIMOB,2,2014-09-15,2014-10-13,2014-09-22,Speedy Express,24.39
10670,FRANK,4,2014-09-16,2014-10-14,2014-09-18,Speedy Express,203.48
10671,FRANR,1,2014-09-17,2014-10-15,2014-09-24,Speedy Express,30.34
10672,BERGS,9,2014-09-17,2014-10-01,2014-09-26,United Package,95.75
10673,WILMK,2,2014-09-18,2014-10-16,2014-09-19,Speedy Express,22.76
10674,ISLAT,4,2014-09-18,2014-10-16,2014-09-30,United Package,0.9
10675,FRANK,5,2014-09-19,2014-10-17,2014-09-23,United Package,31.85
10676,TORTU,2,2014-09-22,2014-10-20,2014-09-29,United Package,2.01
10677,ANTON,1,2014-09-22,2014-10-20,2014-09-26,Federal Shipping,4.03
10678,SAVEA,7,2014-09-23,2014-10-21,2014-10-16,Federal Shipping,388.98
10679,BLONP,8,2014-09-23,2014-10-21,2014-09-30,Federal Shipping,27.94
10680,OLDWO,1,2014-09-24,2014-10-22,2014-09-26,Speedy Express,26.61
10681,GREAL,3,2014-09-25,2014-10-23,2014-09-30,Federal Shipping,76.13
10682,ANTON,3,2014-09-25,2014-10-23,2014-10-01,United Package,36.13
10683,DUMON,2,2014-09-26,2014-10-24,2014-10-01,Speedy Express,4.4
10684,OTTIK,3,2014-09-26,2014-10-24,2014-09-30,Speedy Express,145.63
10685,GOURL,4,2014-09-29,2014-10-13,2014-10-03,United Package,33.75
10686,PICCO,2,2014-09-30,2014-10-28,2014-10-08,Speedy Express,96.5
10687,HUNGO,9,2014-09-30,2014-10-28,2014-10-30,United Package,296.43
10688,VAFFE,4,2014-10-01,2014-10-15,2014-10-07,United Package,299.09
10689,BERGS,1,2014-10-01,2014-10-29,2014-10-07,United Package,13.42
10690,HANAR,1,2014-10-02,2014-10-30,2014-10-03,Speedy Express,15.8
10691,QUICK,2,2014-10-03,2014-11-14,2014-10-22,United Package,810.05
10692,ALFKI,4,2014-10-03,2014-10-31,2014-10-13,United Package,61.02
10693,WHITC,3,2014-10-06,2014-10-20,2014-10-10,Federal Shipping,139.34
10694,QUICK,8,2014-10-06,2014-11-03,2014-10-09,Federal Shipping,398.36
10695,WILMK,7,2014-10-07,2014-11-18,2014-10-14,Speedy Express,16.72
10696,WHITC,8,2014-10-08,2014-11-19,2014-10-14,Federal Shipping,102.55
10697,LINOD,3,2014-10-08,2014-11-05,2014-10-14,Speedy Express,45.52
10698,ERNSH,4,2014-10-09,2014-11-06,2014-10-17,Speedy Express,272.47
10699,MORGK,3,2014-10-09,2014-11-06,2014-10-13,Federal Shipping,0.58
10700,SAVEA,3,2014-10-10,2014-11-07,2014-10-16,Speedy Express,65.1
10701,HUNGO,6,2014-10-13,2014-10-27,2014-10-15,Federal Shipping,220.31
10702,ALFKI,4,2014-10-13,2014-11-24,2014-10-21,Speedy Express,23.94
10703,FOLKO,6,2014-10-14,2014-11-11,2014-10-20,United Package,152.3
10704,QUEEN,6,2014-10-14,2014-11-11,2014-11-07,Speedy Express,4.78
10705,HILAA,9,2014-10-15,2014-11-12,2014-11-18,United Package,3.52
10706,OLDWO,8,2014-10-16,2014-11-13,2014-10-21,Federal Shipping,135.63
10707,AROUT,4,2014-10-16,2014-10-30,2014-10-23,Federal Shipping,21.74
10708,THEBI,6,2014-10-17,2014-11-28,2014-11-05,United Package,2.96
10709,GOURL,1,2014-10-17,2014-11-14,2014-11-20,Federal Shipping,210.8
10710,FRANS,1,2014-10-20,2014-11-17,2014-10-23,Speedy Express,4.98
10711,SAVEA,5,2014-10-21,2014-12-02,2014-10-29,United Package,52.41
10712,HUNGO,3,2014-10-21,2014-11-18,2014-10-31,Speedy Express,89.93
10713,SAVEA,1,2014-10-22,2014-11-19,2014-10-24,Speedy Express,167.05
10714,SAVEA,5,2014-10-22,2014-11-19,2014-10-27,Federal Shipping,24.49
10715,BONAP,3,2014-10-23,2014-11-06,2014-10-29,Speedy Express,63.2
10716,RANCH,4,2014-10-24,2014-11-21,2014-10-27,United Package,22.57
10717,FRANK,1,2014-10-24,2014-11-21,2014-10-29,United Package,59.25
10718,KOENE,1,2014-10-27,2014-11-24,2014-10-29,Federal Shipping,170.88
10719,LETSS,8,2014-10-27,2014-11-24,2014-11-05,United Package,51.44
10720,QUEDE,8,2014-10-28,2014-11-11,2014-11-05,United Package,9.53
10721,QUICK,5,2014-10-29,2014-11-26,2014-10-31,Federal Shipping,48.92
10722,SAVEA,8,2014-10-29,2014-12-10,2014-11-04,Speedy Express,74.58
10723,WHITC,3,2014-10-30,2014-11-27,2014-11-25,Speedy Express,21.72
10724,MEREP,8,2014-10-30,2014-12-11,2014-11-05,United Package,57.75
10725,FAMIA,4,2014-10-31,2014-11-28,2014-11-05,Federal Shipping,10.83
10726,EASTC,4,2014-11-03,2014-11-17,2014-12-05,Speedy Express,16.56
10727,REGGC,2,2014-11-03,2014-12-01,2014-12-05,Speedy Express,89.9
10728,QUEEN,4,2014-11-04,2014-12-02,2014-11-11,United Package,58.33
10729,LINOD,8,2014-11-04,2014-12-16,2014-11-14,Federal Shipping,141.06
10730,BONAP,5,2014-11-05,2014-12-03,2014-11-14,Speedy Express,20.12
10731,CHOPS,7,2014-11-06,2014-12-04,2014-11-14,Speedy Express,96.65
10732,BONAP,3,2014-11-06,2014-12-04,2014-11-07,Speedy Express,16.97
10733,BERGS,1,2014-11-07,2014-12-05,2014-11-10,Federal Shipping,110.11
10734,GOURL,2,2014-11-07,2014-12-05,2014-11-12,Federal Shipping,1.63
10735,LETSS,6,2014-11-10,2014-12-08,2014-11-21,United Package,45.97
10736,HUNGO,9,2014-11-11,2014-12-09,2014-11-21,United Package,44.1
10737,VINET,2,2014-11-11,2014-12-09,2014-11-18,United Package,7.79
10738,SPECD,2,2014-11-12,2014-12-10,2014-11-18,Speedy Express,2.91
10739,VINET,3,2014-11-12,2014-12-10,2014-11-17,Federal Shipping,11.08
10740,WHITC,4,2014-11-13,2014-12-11,2014-11-25,United Package,81.88
10741,AROUT,4,2014-11-14,2014-11-28,2014-11-18,Federal Shipping,10.96
10742,BOTTM,3,2014-11-14,2014-12-12,2014-11-18,Federal Shipping,243.73
10743,AROUT,1,2014-11-17,2014-12-15,2014-11-21,United Package,23.72
10744,VAFFE,6,2014-11-17,2014-12-15,2014-11-24,Speedy Express,69.19
10745,QUICK,9,2014-11-18,2014-12-16,2014-11-27,Speedy Express,3.52
10746,CHOPS,1,2014-11-19,2014-12-17,2014-11-21,Federal Shipping,31.43
10747,PICCO,6,2014-11-19,2014-12-17,2014-11-26,Speedy Express,117.33
10748,SAVEA,3,2014-11-20,2014-12-18,2014-11-28,Speedy Express,232.55
10749,ISLAT,4,2014-11-20,2014-12-18,2014-12-19,United Package,61.53
10750,WARTH,9,2014-11-21,2014-12-19,2014-11-24,Speedy Express,79.3
10751,RICSU,3,2014-11-24,2014-12-22,2014-12-03,Federal Shipping,130.79
10752,NORTS,2,2014-11-24,2014-12-22,2014-11-28,Federal Shipping,1.39
10753,FRANS,3,2014-11-25,2014-12-23,2014-11-27,Speedy Express,7.7
10754,MAGAA,6,2014-11-25,2014-12-23,2014-11-27,Federal Shipping,2.38
10755,BONAP,4,2014-11-26,2014-12-24,2014-11-28,United Package,16.71
10756,SPLIR,8,2014-11-27,2014-12-25,2014-12-02,United Package,73.21
10757,SAVEA,6,2014-11-27,2014-12-25,2014-12-15,Speedy Express,8.19
10758,RICSU,3,2014-11-28,2014-12-26,2014-12-04,Federal Shipping,138.17
10759,ANATR,3,2014-11-28,2014-12-26,2014-12-12,Federal Shipping,11.99
10760,MAISD,4,2014-12-01,2014-12-29,2014-12-10,Speedy Express,155.64
10761,RATTC,5,2014-12-02,2014-12-30,2014-12-08,United Package,18.66
10762,FOLKO,3,2014-12-02,2014-12-30,2014-12-09,Speedy Express,328.74
10763,FOLIG,3,2014-12-03,2014-12-31,2014-12-08,Federal Shipping,37.35
10764,ERNSH,6,2014-12-03,2014-12-31,2014-12-08,Federal Shipping,145.45
10765,QUICK,3,2014-12-04,2015-01-01,2014-12-09,Federal Shipping,42.74
10766,OTTIK,4,2014-12-05,2015-01-02,2014-12-09,Speedy Express,157.55
10767,SUPRD,4,2014-12-05,2015-01-02,2014-12-15,Federal Shipping,1.59
10768,AROUT,3,2014-12-08,2015-01-05,2014-12-15,United Package,146.32
10769,VAFFE,3,2014-12-08,2015-01-05,2014-12-12,Speedy Express,65.06
10770,HANAR,8,2014-12-09,2015-01-06,2014-12-17,Federal Shipping,5.32
10771,ERNSH,9,2014-12-10,2015-01-07,2015-01-02,United Package,11.19
10772,LEHMS,3,2014-12-10,2015-01-07,2014-12-19,United Package,91.28
10773,ERNSH,1,2014-12-11,2015-01-08,2014-12-16,Federal Shipping,96.43
10774,FOLKO,4,2014-12-11,2014-12-25,2014-12-12,Speedy Express,48.2
10775,THECR,7,2014-12-12,2015-01-09,2014-12-26,Speedy Express,20.25
10776,ERNSH,1,2014-12-15,2015-01-12,2014-12-18,Federal Shipping,351.53
10777,GOURL,7,2014-12-15,2014-12-29,2015-01-21,United Package,3.01
10778,BERGS,3,2014-12-16,2015-01-13,2014-12-24,Speedy Express,6.79
10779,MORGK,3,2014-12-16,2015-01-13,2015-01-14,United Package,58.13
10780,LILAS,2,2014-12-16,2014-12-30,2014-12-25,Speedy Express,42.13
10781,WARTH,2,2014-12-17,2015-01-14,2014-12-19,Federal Shipping,73.16
10782,CACTU,9,2014-12-17,2015-01-14,2014-12-22,Federal Shipping,1.1
10783,HANAR,4,2014-12-18,2015-01-15,2014-12-19,United Package,124.98
10784,MAGAA,4,2014-12-18,2015-01-15,2014-12-22,Federal Shipping,70.09
10785,GROSR,1,2014-12-18,2015-01-15,2014-12-24,Federal Shipping,1.51
10786,QUEEN,8,2014-12-19,2015-01-16,2014-12-23,Speedy Express,110.87
10787,LAMAI,2,2014-12-19,2015-01-02,2014-12-26,Speedy Express,249.93
10788,QUICK,1,2014-12-22,2015-01-19,2015-01-19,United Package,42.7
10789,FOLIG,1,2014-12-22,2015-01-19,2014-12-31,United Package,100.6
10790,GOURL,6,2014-12-22,2015-01-19,2014-12-26,Speedy Express,28.23
10791,FRANK,6,2014-12-23,2015-01-20,2015-01-01,United Package,16.85
10792,WOLZA,1,2014-12-23,2015-01-20,2014-12-31,Federal Shipping,23.79
10793,AROUT,3,2014-12-24,2015-01-21,2015-01-08,Federal Shipping,4.52
10794,QUEDE,6,2014-12-24,2015-01-21,2015-01-02,Speedy Express,21.49
10795,ERNSH,8,2014-12-24,2015-01-21,2015-01-20,United Package,126.66
10796,HILAA,3,2014-12-25,2015-01-22,2015-01-14,Speedy Express,26.52
10797,DRACD,7,2014-12-25,2015-01-22,2015-01-05,United Package,33.35
10798,ISLAT,2,2014-12-26,2015-01-23,2015-01-05,Speedy Express,2.33
10799,KOENE,9,2014-12-26,2015-02-06,2015-01-05,Federal Shipping,30.76
10800,SEVES,1,2014-12-26,2015-01-23,2015-01-05,Federal Shipping,137.44
10801,BOLID,4,2014-12-29,2015-01-26,2014-12-31,United Package,97.09
10802,SIMOB,4,2014-12-29,2015-01-26,2015-01-02,United Package,257.26
10803,WELLI,4,2014-12-30,2015-01-27,2015-01-06,Speedy Express,55.23
10804,SEVES,6,2014-12-30,2015-01-27,2015-01-07,United Package,27.33
10805,THEBI,2,2014-12-30,2015-01-27,2015-01-09,Federal Shipping,237.34
10806,VICTE,3,2014-12-31,2015-01-28,2015-01-05,United Package,22.11
10807,FRANS,4,2014-12-31,2015-01-28,2015-01-30,Speedy Express,1.36
10808,OLDWO,2,2015-01-01,2015-01-29,2015-01-09,Federal Shipping,45.53
10809,WELLI,7,2015-01-01,2015-01-29,2015-01-07,Speedy Express,4.87
10810,LAUGB,2,2015-01-01,2015-01-29,2015-01-07,Federal Shipping,4.33
10811,LINOD,8,2015-01-02,2015-01-30,2015-01-08,Speedy Express,31.22
10812,REGGC,5,2015-01-02,2015-01-30,2015-01-12,Speedy Express,59.78
10813,RICAR,1,2015-01-05,2015-02-02,2015-01-09,Speedy Express,47.38
10814,VICTE,3,2015-01-05,2015-02-02,2015-01-14,Federal Shipping,130.94
10815,SAVEA,2,2015-01-05,2015-02-02,2015-01-14,Federal Shipping,14.62
10816,GREAL,4,2015-01-06,2015-02-03,2015-02-04,United Package,719.78
10817,KOENE,3,2015-01-06,2015-01-20,2015-01-13,United Package,306.07
10818,MAGAA,7,2015-01-07,2015-02-04,2015-01-12,Federal Shipping,65.48
10819,CACTU,2,2015-01-07,2015-02-04,2015-01-16,Federal Shipping,19.76
10820,RATTC,3,2015-01-07,2015-02-04,2015-01-13,United Package,37.52
10821,SPLIR,1,2015-01-08,2015-02-05,2015-01-15,Speedy Express,36.68
10822,TRAIH,6,2015-01-08,2015-02-05,2015-01-16,Federal Shipping,7
10823,LILAS,5,2015-01-09,2015-02-06,2015-01-13,United Package,163.97
10824,FOLKO,8,2015-01-09,2015-02-06,2015-01-30,Speedy Express,1.23
10825,DRACD,1,2015-01-09,2015-02-06,2015-01-14,Speedy Express,79.25
10826,BLONP,6,2015-01-12,2015-02-09,2015-02-06,Speedy Express,7.09
10827,BONAP,1,2015-01-12,2015-01-26,2015-02-06,United Package,63.54
10828,RANCH,9,2015-01-13,2015-01-27,2015-02-04,Speedy Express,90.85
10829,ISLAT,9,2015-01-13,2015-02-10,2015-01-23,Speedy Express,154.72
10830,TRADH,4,2015-01-13,2015-02-24,2015-01-21,United Package,81.83
10831,SANTG,3,2015-01-14,2015-02-11,2015-01-23,United Package,72.19
10832,LAMAI,2,2015-01-14,2015-02-11,2015-01-19,United Package,43.26
10833,OTTIK,6,2015-01-15,2015-02-12,2015-01-23,United Package,71.49
10834,TRADH,1,2015-01-15,2015-02-12,2015-01-19,Federal Shipping,29.78
10835,ALFKI,1,2015-01-15,2015-02-12,2015-01-21,Federal Shipping,69.53
10836,ERNSH,7,2015-01-16,2015-02-13,2015-01-21,Speedy Express,411.88
10837,BERGS,9,2015-01-16,2015-02-13,2015-01-23,Federal Shipping,13.32
10838,LINOD,3,2015-01-19,2015-02-16,2015-01-23,Federal Shipping,59.28
10839,TRADH,3,2015-01-19,2015-02-16,2015-01-22,Federal Shipping,35.43
10840,LINOD,4,2015-01-19,2015-03-02,2015-02-16,United Package,2.71
10841,SUPRD,5,2015-01-20,2015-02-17,2015-01-29,United Package,424.3
10842,TORTU,1,2015-01-20,2015-02-17,2015-01-29,Federal Shipping,54.42
10843,VICTE,4,2015-01-21,2015-02-18,2015-01-26,United Package,9.26
10844,PICCO,8,2015-01-21,2015-02-18,2015-01-26,United Package,25.22
10845,QUICK,8,2015-01-21,2015-02-04,2015-01-30,Speedy Express,212.98
10846,SUPRD,2,2015-01-22,2015-03-05,2015-01-23,Federal Shipping,56.46
10847,SAVEA,4,2015-01-22,2015-02-05,2015-02-10,Federal Shipping,487.57
10848,CONSH,7,2015-01-23,2015-02-20,2015-01-29,United Package,38.24
10849,KOENE,9,2015-01-23,2015-02-20,2015-01-30,United Package,0.56
10850,VICTE,1,2015-01-23,2015-03-06,2015-01-30,Speedy Express,49.19
10851,RICAR,5,2015-01-26,2015-02-23,2015-02-02,Speedy Express,160.55
10852,RATTC,8,2015-01-26,2015-02-09,2015-01-30,Speedy Express,174.05
10853,BLAUS,9,2015-01-27,2015-02-24,2015-02-03,United Package,53.83
10854,ERNSH,3,2015-01-27,2015-02-24,2015-02-05,United Package,100.22
10855,OLDWO,3,2015-01-27,2015-02-24,2015-02-04,Speedy Express,170.97
10856,ANTON,3,2015-01-28,2015-02-25,2015-02-10,United Package,58.43
10857,BERGS,8,2015-01-28,2015-02-25,2015-02-06,United Package,188.85
10858,LACOR,2,2015-01-29,2015-02-26,2015-02-03,Speedy Express,52.51
10859,FRANK,1,2015-01-29,2015-02-26,2015-02-02,United Package,76.1
10860,FRANR,3,2015-01-29,2015-02-26,2015-02-04,Federal Shipping,19.26
10861,WHITC,4,2015-01-30,2015-02-27,2015-02-17,United Package,14.93
10862,LEHMS,8,2015-01-30,2015-03-13,2015-02-02,United Package,53.23
10863,HILAA,4,2015-02-02,2015-03-02,2015-02-17,United Package,30.26
10864,AROUT,4,2015-02-02,2015-03-02,2015-02-09,United Package,3.04
10865,QUICK,2,2015-02-02,2015-02-16,2015-02-12,Speedy Express,348.14
10866,BERGS,5,2015-02-03,2015-03-03,2015-02-12,Speedy Express,109.11
10867,LONEP,6,2015-02-03,2015-03-17,2015-02-11,Speedy Express,1.93
10868,QUEEN,7,2015-02-04,2015-03-04,2015-02-23,United Package,191.27
10869,SEVES,5,2015-02-04,2015-03-04,2015-02-09,Speedy Express,143.28
10870,WOLZA,5,2015-02-04,2015-03-04,2015-02-13,Federal Shipping,12.04
10871,BONAP,9,2015-02-05,2015-03-05,2015-02-10,United Package,112.27
10872,GODOS,5,2015-02-05,2015-03-05,2015-02-09,United Package,175.32
10873,WILMK,4,2015-02-06,2015-03-06,2015-02-09,Speedy Express,0.82
10874,GODOS,5,2015-02-06,2015-03-06,2015-02-11,United Package,19.58
10875,BERGS,4,2015-02-06,2015-03-06,2015-03-03,United Package,32.37
10876,BONAP,7,2015-02-09,2015-03-09,2015-02-12,Federal Shipping,60.42
10877,RICAR,1,2015-02-09,2015-03-09,2015-02-19,Speedy Express,38.06
10878,QUICK,4,2015-02-10,2015-03-10,2015-02-12,Speedy Express,46.69
10879,WILMK,3,2015-02-10,2015-03-10,2015-02-12,Federal Shipping,8.5
10880,FOLKO,7,2015-02-10,2015-03-24,2015-02-18,Speedy Express,88.01
10881,CACTU,4,2015-02-11,2015-03-11,2015-02-18,Speedy Express,2.84
10882,SAVEA,4,2015-02-11,2015-03-11,2015-02-20,Federal Shipping,23.1
10883,LONEP,8,2015-02-12,2015-03-12,2015-02-20,Federal Shipping,0.53
10884,LETSS,4,2015-02-12,2015-03-12,2015-02-13,United Package,90.97
10885,SUPRD,6,2015-02-12,2015-03-12,2015-02-18,Federal Shipping,5.64
10886,HANAR,1,2015-02-13,2015-03-13,2015-03-02,Speedy Express,4.99
10887,GALED,8,2015-02-13,2015-03-13,2015-02-16,Federal Shipping,1.25
10888,GODOS,1,2015-02-16,2015-03-16,2015-02-23,United Package,51.87
10889,RATTC,9,2015-02-16,2015-03-16,2015-02-23,Federal Shipping,280.61
10890,DUMON,7,2015-02-16,2015-03-16,2015-02-18,Speedy Express,32.76
10891,LEHMS,7,2015-02-17,2015-03-17,2015-02-19,United Package,20.37
10892,MAISD,4,2015-02-17,2015-03-17,2015-02-19,United Package,120.27
10893,KOENE,9,2015-02-18,2015-03-18,2015-02-20,United Package,77.78
10894,SAVEA,1,2015-02-18,2015-03-18,2015-02-20,Speedy Express,116.13
10895,ERNSH,3,2015-02-18,2015-03-18,2015-02-23,Speedy Express,162.75
10896,MAISD,7,2015-02-19,2015-03-19,2015-02-27,Federal Shipping,32.45
10897,HUNGO,3,2015-02-19,2015-03-19,2015-02-25,United Package,603.54
10898,OCEAN,4,2015-02-20,2015-03-20,2015-03-06,United Package,1.27
10899,LILAS,5,2015-02-20,2015-03-20,2015-02-26,Federal Shipping,1.21
10900,WELLI,1,2015-02-20,2015-03-20,2015-03-04,United Package,1.66
10901,HILAA,4,2015-02-23,2015-03-23,2015-02-26,Speedy Express,62.09
10902,FOLKO,1,2015-02-23,2015-03-23,2015-03-03,Speedy Express,44.15
10903,HANAR,3,2015-02-24,2015-03-24,2015-03-04,Federal Shipping,36.71
10904,WHITC,3,2015-02-24,2015-03-24,2015-02-27,Federal Shipping,162.95
10905,WELLI,9,2015-02-24,2015-03-24,2015-03-06,United Package,13.72
10906,WOLZA,4,2015-02-25,2015-03-11,2015-03-03,Federal Shipping,26.29
10907,SPECD,6,2015-02-25,2015-03-25,2015-02-27,Federal Shipping,9.19
10908,REGGC,4,2015-02-26,2015-03-26,2015-03-06,United Package,32.96
10909,SANTG,1,2015-02-26,2015-03-26,2015-03-10,United Package,53.05
10910,WILMK,1,2015-02-26,2015-03-26,2015-03-04,Federal Shipping,38.11
10911,GODOS,3,2015-02-26,2015-03-26,2015-03-05,Speedy Express,38.19
10912,HUNGO,2,2015-02-26,2015-03-26,2015-03-18,United Package,580.91
10913,QUEEN,4,2015-02-26,2015-03-26,2015-03-04,Speedy Express,33.05
10914,QUEEN,6,2015-02-27,2015-03-27,2015-03-02,Speedy Express,21.19
10915,TORTU,2,2015-02-27,2015-03-27,2015-03-02,United Package,3.51
10916,RANCH,1,2015-02-27,2015-03-27,2015-03-09,United Package,63.77
10917,ROMEY,4,2015-03-02,2015-03-30,2015-03-11,United Package,8.29
10918,BOTTM,3,2015-03-02,2015-03-30,2015-03-11,Federal Shipping,48.83
10919,LINOD,2,2015-03-02,2015-03-30,2015-03-04,United Package,19.8
10920,AROUT,4,2015-03-03,2015-03-31,2015-03-09,United Package,29.61
10921,VAFFE,1,2015-03-03,2015-04-14,2015-03-09,Speedy Express,176.48
10922,HANAR,5,2015-03-03,2015-03-31,2015-03-05,Federal Shipping,62.74
10923,LAMAI,7,2015-03-03,2015-04-14,2015-03-13,Federal Shipping,68.26
10924,BERGS,3,2015-03-04,2015-04-01,2015-04-08,United Package,151.52
10925,HANAR,3,2015-03-04,2015-04-01,2015-03-13,Speedy Express,2.27
10926,ANATR,4,2015-03-04,2015-04-01,2015-03-11,Federal Shipping,39.92
10927,LACOR,4,2015-03-05,2015-04-02,2015-04-08,Speedy Express,19.79
10928,GALED,1,2015-03-05,2015-04-02,2015-03-18,Speedy Express,1.36
10929,FRANK,6,2015-03-05,2015-04-02,2015-03-12,Speedy Express,33.93
10930,SUPRD,4,2015-03-06,2015-04-17,2015-03-18,Federal Shipping,15.55
10931,RICSU,4,2015-03-06,2015-03-20,2015-03-19,United Package,13.6
10932,BONAP,8,2015-03-06,2015-04-03,2015-03-24,Speedy Express,134.64
10933,ISLAT,6,2015-03-06,2015-04-03,2015-03-16,Federal Shipping,54.15
10934,LEHMS,3,2015-03-09,2015-04-06,2015-03-12,Federal Shipping,32.01
10935,WELLI,4,2015-03-09,2015-04-06,2015-03-18,Federal Shipping,47.59
10936,GREAL,3,2015-03-09,2015-04-06,2015-03-18,United Package,33.68
10937,CACTU,7,2015-03-10,2015-03-24,2015-03-13,Federal Shipping,31.51
10938,QUICK,3,2015-03-10,2015-04-07,2015-03-16,United Package,31.89
10939,MAGAA,2,2015-03-10,2015-04-07,2015-03-13,United Package,76.33
10940,BONAP,8,2015-03-11,2015-04-08,2015-03-23,Federal Shipping,19.77
10941,SAVEA,7,2015-03-11,2015-04-08,2015-03-20,United Package,400.81
10942,REGGC,9,2015-03-11,2015-04-08,2015-03-18,Federal Shipping,17.95
10943,BSBEV,4,2015-03-11,2015-04-08,2015-03-19,United Package,2.17
10944,BOTTM,6,2015-03-12,2015-03-26,2015-03-13,Federal Shipping,52.92
10945,MORGK,4,2015-03-12,2015-04-09,2015-03-18,Speedy Express,10.22
10946,VAFFE,1,2015-03-12,2015-04-09,2015-03-19,United Package,27.2
10947,BSBEV,3,2015-03-13,2015-04-10,2015-03-16,United Package,3.26
10948,GODOS,3,2015-03-13,2015-04-10,2015-03-19,Federal Shipping,23.39
10949,BOTTM,2,2015-03-13,2015-04-10,2015-03-17,Federal Shipping,74.44
10950,MAGAA,1,2015-03-16,2015-04-13,2015-03-23,United Package,2.5
10951,RICSU,9,2015-03-16,2015-04-27,2015-04-07,United Package,30.85
10952,ALFKI,1,2015-03-16,2015-04-27,2015-03-24,Speedy Express,40.42
10953,AROUT,9,2015-03-16,2015-03-30,2015-03-25,United Package,23.72
10954,LINOD,5,2015-03-17,2015-04-28,2015-03-20,Speedy Express,27.91
10955,FOLKO,8,2015-03-17,2015-04-14,2015-03-20,United Package,3.26
10956,BLAUS,6,2015-03-17,2015-04-28,2015-03-20,United Package,44.65
10957,HILAA,8,2015-03-18,2015-04-15,2015-03-27,Federal Shipping,105.36
10958,OCEAN,7,2015-03-18,2015-04-15,2015-03-27,United Package,49.56
10959,GOURL,6,2015-03-18,2015-04-29,2015-03-23,United Package,4.98
10960,HILAA,3,2015-03-19,2015-04-02,2015-04-08,Speedy Express,2.08
10961,QUEEN,8,2015-03-19,2015-04-16,2015-03-30,Speedy Express,104.47
10962,QUICK,8,2015-03-19,2015-04-16,2015-03-23,United Package,275.79
10963,FURIB,9,2015-03-19,2015-04-16,2015-03-26,Federal Shipping,2.7
10964,SPECD,3,2015-03-20,2015-04-17,2015-03-24,United Package,87.38
10965,OLDWO,6,2015-03-20,2015-04-17,2015-03-30,Federal Shipping,144.38
10966,CHOPS,4,2015-03-20,2015-04-17,2015-04-08,Speedy Express,27.19
10967,TOMSP,2,2015-03-23,2015-04-20,2015-04-02,United Package,62.22
10968,ERNSH,1,2015-03-23,2015-04-20,2015-04-01,Federal Shipping,74.6
10969,COMMI,1,2015-03-23,2015-04-20,2015-03-30,United Package,0.21
10970,BOLID,9,2015-03-24,2015-04-07,2015-04-24,Speedy Express,16.16
10971,FRANR,2,2015-03-24,2015-04-21,2015-04-02,United Package,121.82
10972,LACOR,4,2015-03-24,2015-04-21,2015-03-26,United Package,0.02
10973,LACOR,6,2015-03-24,2015-04-21,2015-03-27,United Package,15.17
10974,SPLIR,3,2015-03-25,2015-04-08,2015-04-03,Federal Shipping,12.96
10975,BOTTM,1,2015-03-25,2015-04-22,2015-03-27,Federal Shipping,32.27
10976,HILAA,1,2015-03-25,2015-05-06,2015-04-03,Speedy Express,37.97
10977,FOLKO,8,2015-03-26,2015-04-23,2015-04-10,Federal Shipping,208.5
10978,MAISD,9,2015-03-26,2015-04-23,2015-04-23,United Package,32.82
10979,ERNSH,8,2015-03-26,2015-04-23,2015-03-31,United Package,353.07
10980,FOLKO,4,2015-03-27,2015-05-08,2015-04-17,Speedy Express,1.26
10981,HANAR,1,2015-03-27,2015-04-24,2015-04-02,United Package,193.37
10982,BOTTM,2,2015-03-27,2015-04-24,2015-04-08,Speedy Express,14.01
10983,SAVEA,2,2015-03-27,2015-04-24,2015-04-06,United Package,657.54
10984,SAVEA,1,2015-03-30,2015-04-27,2015-04-03,Federal Shipping,211.22
10985,HUNGO,2,2015-03-30,2015-04-27,2015-04-02,Speedy Express,91.51
10986,OCEAN,8,2015-03-30,2015-04-27,2015-04-21,United Package,217.86
10987,EASTC,8,2015-03-31,2015-04-28,2015-04-06,Speedy Express,185.48
10988,RATTC,3,2015-03-31,2015-04-28,2015-04-10,United Package,61.14
10989,QUEDE,2,2015-03-31,2015-04-28,2015-04-02,Speedy Express,34.76
10990,ERNSH,2,2015-04-01,2015-05-13,2015-04-07,Federal Shipping,117.61
10991,QUICK,1,2015-04-01,2015-04-29,2015-04-07,Speedy Express,38.51
10992,THEBI,1,2015-04-01,2015-04-29,2015-04-03,Federal Shipping,4.27
10993,FOLKO,7,2015-04-01,2015-04-29,2015-04-10,Federal Shipping,8.81
10994,VAFFE,2,2015-04-02,2015-04-16,2015-04-09,Federal Shipping,65.53
10995,PERIC,1,2015-04-02,2015-04-30,2015-04-06,Federal Shipping,46
10996,QUICK,4,2015-04-02,2015-04-30,2015-04-10,United Package,1.12
10997,LILAS,8,2015-04-03,2015-05-15,2015-04-13,United Package,73.91
10998,WOLZA,8,2015-04-03,2015-04-17,2015-04-17,United Package,20.31
10999,OTTIK,6,2015-04-03,2015-05-01,2015-04-10,United Package,96.35
11000,RATTC,2,2015-04-06,2015-05-04,2015-04-14,Federal Shipping,55.12
11001,FOLKO,2,2015-04-06,2015-05-04,2015-04-14,United Package,197.3
11002,SAVEA,4,2015-04-06,2015-05-04,2015-04-16,Speedy Express,141.16
11003,THECR,3,2015-04-06,2015-05-04,2015-04-08,Federal Shipping,14.91
11004,MAISD,3,2015-04-07,2015-05-05,2015-04-20,Speedy Express,44.84
11005,WILMK,2,2015-04-07,2015-05-05,2015-04-10,Speedy Express,0.75
11006,GREAL,3,2015-04-07,2015-05-05,2015-04-15,United Package,25.19
11007,PRINI,8,2015-04-08,2015-05-06,2015-04-13,United Package,202.24
11008,ERNSH,7,2015-04-08,2015-05-06,,Federal Shipping,79.46
11009,GODOS,2,2015-04-08,2015-05-06,2015-04-10,Speedy Express,59.11
11010,REGGC,2,2015-04-09,2015-05-07,2015-04-21,United Package,28.71
11011,ALFKI,3,2015-04-09,2015-05-07,2015-04-13,Speedy Express,1.21
11012,FRANK,1,2015-04-09,2015-04-23,2015-04-17,Federal Shipping,242.95
11013,ROMEY,2,2015-04-09,2015-05-07,2015-04-10,Speedy Express,32.99
11014,LINOD,2,2015-04-10,2015-05-08,2015-04-15,Federal Shipping,23.6
11015,SANTG,2,2015-04-10,2015-04-24,2015-04-20,United Package,4.62
11016,AROUT,9,2015-04-10,2015-05-08,2015-04-13,United Package,33.8
11017,ERNSH,9,2015-04-13,2015-05-11,2015-04-20,United Package,754.26
11018,LONEP,4,2015-04-13,2015-05-11,2015-04-16,United Package,11.65
11019,RANCH,6,2015-04-13,2015-05-11,,Federal Shipping,3.17
11020,OTTIK,2,2015-04-14,2015-05-12,2015-04-16,United Package,43.3
11021,QUICK,3,2015-04-14,2015-05-12,2015-04-21,Speedy Express,297.18
11022,HANAR,9,2015-04-14,2015-05-12,2015-05-04,United Package,6.27
11023,BSBEV,1,2015-04-14,2015-04-28,2015-04-24,United Package,123.83
11024,EASTC,4,2015-04-15,2015-05-13,2015-04-20,Speedy Express,74.36
11025,WARTH,6,2015-04-15,2015-05-13,2015-04-24,Federal Shipping,29.17
11026,FRANS,4,2015-04-15,2015-05-13,2015-04-28,Speedy Express,47.09
11027,BOTTM,1,2015-04-16,2015-05-14,2015-04-20,Speedy Express,52.52
11028,KOENE,2,2015-04-16,2015-05-14,2015-04-22,Speedy Express,29.59
11029,CHOPS,4,2015-04-16,2015-05-14,2015-04-27,Speedy Express,47.84
11030,SAVEA,7,2015-04-17,2015-05-15,2015-04-27,United Package,830.75
11031,SAVEA,6,2015-04-17,2015-05-15,2015-04-24,United Package,227.22
11032,WHITC,2,2015-04-17,2015-05-15,2015-04-23,Federal Shipping,606.19
11033,RICSU,7,2015-04-17,2015-05-15,2015-04-23,Federal Shipping,84.74
11034,OLDWO,8,2015-04-20,2015-06-01,2015-04-27,Speedy Express,40.32
11035,SUPRD,2,2015-04-20,2015-05-18,2015-04-24,United Package,0.17
11036,DRACD,8,2015-04-20,2015-05-18,2015-04-22,Federal Shipping,149.47
11037,GODOS,7,2015-04-21,2015-05-19,2015-04-27,Speedy Express,3.2
11038,SUPRD,1,2015-04-21,2015-05-19,2015-04-30,United Package,29.59
11039,LINOD,1,2015-04-21,2015-05-19,,United Package,65
11040,GREAL,4,2015-04-22,2015-05-20,,Federal Shipping,18.84
11041,CHOPS,3,2015-04-22,2015-05-20,2015-04-28,United Package,48.22
11042,COMMI,2,2015-04-22,2015-05-06,2015-05-01,Speedy Express,29.99
11043,SPECD,5,2015-04-22,2015-05-20,2015-04-29,United Package,8.8
11044,WOLZA,4,2015-04-23,2015-05-21,2015-05-01,Speedy Express,8.72
11045,BOTTM,6,2015-04-23,2015-05-21,,United Package,70.58
11046,WANDK,8,2015-04-23,2015-05-21,2015-04-24,United Package,71.64
11047,EASTC,7,2015-04-24,2015-05-22,2015-05-01,Federal Shipping,46.62
11048,BOTTM,7,2015-04-24,2015-05-22,2015-04-30,Federal Shipping,24.12
11049,GOURL,3,2015-04-24,2015-05-22,2015-05-04,Speedy Express,8.34
11050,FOLKO,8,2015-04-27,2015-05-25,2015-05-05,United Package,59.41
11051,LAMAI,7,2015-04-27,2015-05-25,,Federal Shipping,2.79
11052,HANAR,3,2015-04-27,2015-05-25,2015-05-01,Speedy Express,67.26
11053,PICCO,2,2015-04-27,2015-05-25,2015-04-29,United Package,53.05
11054,CACTU,8,2015-04-28,2015-05-26,,Speedy Express,0.33
11055,HILAA,7,2015-04-28,2015-05-26,2015-05-05,United Package,120.92
11056,EASTC,8,2015-04-28,2015-05-12,2015-05-01,United Package,278.96
11057,NORTS,3,2015-04-29,2015-05-27,2015-05-01,Federal Shipping,4.13
11058,BLAUS,9,2015-04-29,2015-05-27,,Federal Shipping,31.14
11059,RICAR,2,2015-04-29,2015-06-10,,United Package,85.8
11060,FRANS,2,2015-04-30,2015-05-28,2015-05-04,United Package,10.98
11061,GREAL,4,2015-04-30,2015-06-11,,Federal Shipping,14.01
11062,REGGC,4,2015-04-30,2015-05-28,,United Package,29.93
11063,HUNGO,3,2015-04-30,2015-05-28,2015-05-06,United Package,81.73
11064,SAVEA,1,2015-05-01,2015-05-29,2015-05-04,Speedy Express,30.09
11065,LILAS,8,2015-05-01,2015-05-29,,Speedy Express,12.91
11066,WHITC,7,2015-05-01,2015-05-29,2015-05-04,United Package,44.72
11067,DRACD,1,2015-05-04,2015-05-18,2015-05-06,United Package,7.98
11068,QUEEN,8,2015-05-04,2015-06-01,,United Package,81.75
11069,TORTU,1,2015-05-04,2015-06-01,2015-05-06,United Package,15.67
11070,LEHMS,2,2015-05-05,2015-06-02,,Speedy Express,136
11071,LILAS,1,2015-05-05,2015-06-02,,Speedy Express,0.93
11072,ERNSH,4,2015-05-05,2015-06-02,,United Package,258.64
11073,PERIC,2,2015-05-05,2015-06-02,,United Package,24.95
11074,SIMOB,7,2015-05-06,2015-06-03,,United Package,18.44
11075,RICSU,8,2015-05-06,2015-06-03,,United Package,6.19
11076,BONAP,4,2015-05-06,2015-06-03,,United Package,38.28
11077,RATTC,1,2015-05-06,2015-06-03,,United Package,8.53